TITLE: Bill of Materials
BOM NO: 05-080095-01-c.csv
DATE: 04/22/2024
DESIGN: 02_080095c_top
TEMPLATE: Z:\allegro\v174_site\cdssetup\template.bom
CALLOUT: C:\tmp\20_080095c\worklib\02_080095c_top\bom\bom.log.callouts

ITEM#,Qty,WW_PN,DESCRIPTION," VALUE",JEDEC_TYPE,TOL,VOLTAGE,WATTAGE,LOCATION,MFG," MFG_PN",HLM_STATUS,STOCKROOM_WL,STOCKROOM_GT,STOCKROOM_LK,STOCKROOM_GBO,STOCKROOM_NSH,CUSTOM_PART,DNI
1,1,08_080095c,PCB,?,?,?,?,?,?,Analog Devices Supplied,08_080095c,N/A,?,?,?,?,?,?,?
2,134,E044216,CAP CER 10NF 100V 10% X7R 0603 AEC-Q200," 10NF",C0603,10,100V,N/A,"C1,C2,C3,C4,C5,C6,C7,C8,C9,C10,C11,C12,C13,C14,C15,C16,C25,C26,C27,C28,C29,C30,C31,C32,C33,C34,C35,C36,C37,C38,C39,C40,C67,C68,C79,C81,C83,C85,C93,C94,C95,C96,C97,C98,C99,C100,C101,C102,C103,C104,C105,C106,C107,C108,C109,C110,C119,C120,C121,C122,C123,C124,C125,C126,C127,C128,C129,C130,C131,C132,C133,C134,C161,C162,C173,C175,C177,C179,C181,C187,C188,C189,C190,C191,C209,C210,C216,C217,C296,C297,C298,C299,C300,C301,C302,C303,C304,C305,C306,C307,C308,C309,C310,C311,C312,C313,C314,C315,C316,C317,C318,C319,C320,C321,C322,C323,C324,C325,C326,C327,C328,C329,C330,C331,C332,C333,C334,C335,C337,C338,C339,C340,C341,C342",MURATA," GCM188R72A103KA37J",REL,N/A,N/A,N/A,N/A,N/A,?,?
3,64,E015565,CAP CER 0.22uF 50V 10% X7R 0603 AEC-Q200," 0.22uF",C0603,10,50V,N/A,"C17,C18,C19,C20,C21,C22,C23,C24,C41,C42,C43,C44,C45,C46,C47,C48,C49,C50,C51,C52,C53,C54,C55,C56,C57,C58,C59,C60,C61,C62,C63,C64,C111,C112,C113,C114,C115,C116,C117,C118,C135,C136,C137,C138,C139,C140,C141,C142,C143,C144,C145,C146,C147,C148,C149,C150,C151,C152,C153,C154,C155,C156,C157,C158",MURATA," GCM188R71H224KA64D",REL,N/A,N/A,N/A,N/A,7002192,?,?
4,26,E020596,CAP CER 1uF 16V 10% X7R 0603 AEC-Q200 LOW ESR," 1uF",C0603,10,16V,N/A,"C65,C66,C70,C159,C160,C164,C194,C195,C196,C231,C237,C243,C269,C272,C273,C275,C276,C277,C278,C279,C281,C282,C283,C284,C285,C286",TDK," CGA3E1X7R1C105K080AC",REL,N/A,N/A,N/A,N/A,N/A,?,?
5,38,E031923,CAP CER 0.1uF 25V 10% X7R 0603 AEC-Q200 LOW ESR," 0.1uF",C0603,10,25V,N/A,"C69,C71,C73,C75,C77,C91,C92,C163,C165,C167,C169,C171,C185,C186,C200,C202,C207,C208,C211,C212,C218,C219,C224,C225,C226,C227,C228,C229,C258,C259,C260,C261,C262,C263,C264,C265,C266,C267",TDK," CGA3E2X7R1E104K080AA",REL,N/A,N/A,N/A,N/A,N/A,?,?
8,16,E034423,CAP CER 300pF 50V 5% C0G 0402 AEC-Q200," 300pF",C0402,5,50V,N/A,"C87,C88,C89,C90,C182,C183,C184,C203,C204,C205,C206,C220,C221,C222,C223,C336",MURATA," GCM1555C1H301JA16D",REL,N/A,N/A,N/A,N/A,N/A,?,?
9,2,E056507,CAP CER 0.33NF 50V 10% X7R 0805," 33NF",C0805,10,50V,N/A,"C192,C193",WURTH ELEKTRONIK," 885012207095",REL,N/A,N/A,N/A,N/A,N/A,?,?
10,4,E026358,CAP ALUM ELECT 22uF 100V 20% 2312 AEC-Q200," 22uF",CPLSMSQ327H413,20,100V,N/A,"C197,C230,C236,C242",PANASONIC," EEEFK2A220P",REL,N/A,N/A,N/A,N/A,N/A,?,?
11,1,E044215,CAP CER 47NF 100V 10% X7R 0603 AEC-Q200," 47NF",C0603,10,100V,N/A,C198,KEMET," C0603C473K1RACAUTO",REL,N/A,N/A,N/A,N/A,N/A,?,?
12,10,E016914,CAP CER 1uF 250V 10% X7R 1825 AEC-Q200," 1uF",C1825H65,10,250V,N/A,"C199,C232,C233,C235,C238,C239,C241,C244,C245,C246",KEMET," C1825X105KARACTU",REL,N/A,N/A,N/A,N/A,7002719,?,?
13,1,E063422,CAP CER 100UF 10V 20% X5R 1210," 100UF",C1210H110,20,10V,N/A,C201,MURATA," GRM32ER61A107ME20L",REL,N/A,N/A,N/A,N/A,N/A,?,?
14,1,E023932,CAP CER 4.7uF 100V 10% X7S 1210 AEC-Q200," 4.7uF",C1210H87,10,100V,N/A,C214,TDK," CGA6M3X7S2A475K200AB",REL,N/A,N/A,N/A,N/A,N/A,?,?
15,1,E044247,CAP CER 47UF 25V 20% X7R 2220 AEC-Q200," 47UF",C2220H98,20,25V,N/A,C215,TDK," CGA9N3X7R1E476M230KB",REL,N/A,N/A,N/A,N/A,N/A,?,?
16,3,E015837,CAP CER 0.1uF 250V 10% X7R 1206 AEC-Q200," 0.1uF",C1206,10,250V,N/A,"C234,C240,C247",KEMET," C1206X104KARACTU",REL,A004-0005-185,N/A,N/A,N/A,7002117,?,?
17,5,E011547,CAP CER 0.1uF 16V 10% X7R 0603," 0.1uF",C0603,10,16V,N/A,"C248,C270,C271,C289,C291",KEMET," C0603C104K4RAC",REL,N/A,N/A,N/A,N/A,N/A,?,?
18,2,E035949,CAP CER 10uF 25V 20% X5R 0603 AEC-Q200," 10uF",C0603,20,25V,N/A,"C249,C251",MURATA," GRT188R61E106ME13D",REL,N/A,N/A,N/A,N/A,N/A,?,?
19,1,E014540,CAP CER 0.047uF 630V 10% X7R 1210 AEC-Q200," 0.047uF",C1210H87,10,630V,N/A,C250,TDK," CGA6M4X7R2J473K200AA",REL,N/A,N/A,N/A,N/A,7002064,?,?
20,6,E021800,CAP CER 1uF 50V 10% X7R 1206 AEC-Q200," 1uF",C1206,10,50V,N/A,"C252,C253,C254,C255,C256,C257",MURATA," GCJ31MR71H105KA12L",REL,N/A,N/A,N/A,N/A,N/A,?,?
21,1,E025703,CAP CER 2.2uF 25V 10% X7R 0805 AEC-Q200," 2.2uF",C0805H53,10,25V,N/A,C268,MURATA," GCM21BR71E225KA73L",REL,N/A,N/A,N/A,N/A,N/A,?,?
22,1,E042800,CAP CER 4.7NF 16V 10% X7R 0402," 4.7NF",C0402,10,16V,N/A,C274,AVX CORPORATION," 0402YC472KAT2A",REL,N/A,N/A,N/A,N/A,N/A,?,?
23,1,E031777,CAP CER 10uF 16V 10% X7R 1206 AEC-Q200," 10uF",C1206H71,10,16V,N/A,C280,MURATA," GCM31CR71C106KA64K",REL,N/A,N/A,N/A,N/A,N/A,?,?
24,1,E012519,CAP CER 0.1uF 25V 2% C0G 1206 EXTREME LOW ESR," 0.1uF",C1206,2,25V,N/A,C287,KEMET," C1206C104G3GACTU",REL,N/A,N/A,N/A,N/A,7002129,?,?
25,1,E063716,CAP CER 1UF 35V 10% X7R 0805 AEC-Q200," 1UF",C0805H55,10,35V,N/A,C288,TDK," CGA4J3X7R1V105K125AE",REL,N/A,N/A,N/A,N/A,N/A,?,?
26,1,E046235,"CAP CER 10NF 25V 10% X7R 0402, AUTOMOTIVE, LOW ESR"," 10NF",C0402,10,25V,N/A,C290,TDK," CGA2B2X7R1E103K050BA",REL,N/A,N/A,N/A,N/A,N/A,?,?
28,2,E034633,CAP CER 12pF 50V 5% C0G 0402 AEC-Q200 LOW ESR," 12pF",C0402,5,50V,N/A,"C293,C295",TDK," CGA2B2C0G1H120J050BA",REL,N/A,N/A,N/A,N/A,N/A,?,?
29,8,E022876,CAP CER 0.22uF 25V 10% X8R 0603 AEC-Q200," 0.22uF",C0603,10,25V,N/A,"C343,C344,C345,C355,C356,C357,C358,C359",TDK," CGA3E3X8R1E224K080AE",REL,N/A,N/A,N/A,N/A,N/A,?,?
31,16,E041545,"DIO TVS ESD SUPPRESSOR, 17A"," SD12C-01FTG",SOD323-5,N/A,12V,450W,"D1,D2,D3,D4,D5,D6,D7,D8,D9,D10,D11,D12,D13,D14,D15,D16","LITTELFUSE, INC."," SD12C-01FTG",REL,N/A,N/A,N/A,N/A,N/A,?,?
32,1,E033310,"DIO TVS UNIDIRECTIONAL, 8.8A"," TPSMF4L28A",SOD123FL,N/A,28V,400W,D17,"LITTELFUSE, INC."," TPSMF4L28A",REL,N/A,N/A,N/A,N/A,7010110,?,?
33,1,E027874,DIODE LOW LEAKAGE CURRENT SCHOTTKY BARRIER RECTIFIER," PMEG10010ELRX",SOD123F,N/A,100V,N/A,D18,NXP SEMICONDUCTORS," PMEG10010ELRX",REL,N/A,N/A,N/A,N/A,N/A,?,?
34,1,E052764,DIO SCHOTTKY 60V 3A 2LD SOD-128 AEC-Q101," PMEG6030EP,115",SOD128,N/A,60V,N/A,D19,NEXPERIA," PMEG6030EP,115",REL,N/A,N/A,N/A,N/A,N/A,?,?
35,1,E048713,DIO ZENER SINGLE 15V 2.13% 42OHM  3/20W SOD-523 AEC-Q101," EDZVFHT2R15B",SOD523_B,2.13,15V,3/20W,D20,ROHM," EDZVFHT2R15B",REL,N/A,N/A,N/A,N/A,N/A,?,?
36,2,E018902,DIODE FAST SWITCHING," 1N4148W-7-F",SOD123-2,N/A,100V,N/A,"D21,D24",DIODES INCORPORATED," 1N4148W-7-F",REL,N/A,N/A,N/A,N/A,7003562,?,?
38,32,E057069,DIO DUAL SWITCHING COMMON CATHODE 0.2A 100V," SBAV70LT3G",SOT23_B,N/A,100V,N/A,"D25,D26,D27,D28,D29,D30,D31,D32,D34,D35,D36,D37,D38,D39,D40,D41,D42,D43,D44,D45,D46,D47,D48,D49,D51,D52,D53,D54,D55,D56,D57,D58",ONSEMI," SBAV70LT3G",REL,N/A,N/A,N/A,N/A,N/A,?,?
39,3,E057070,"DIO TVS UNIDIRECTIONAL 75V 4.9A, 121V (CLAMPING)"," SMBJ75A-13-F",DO214AA_A,N/A,75V,N/A,"D33,D50,D66",DIODES INCORPORATED," SMBJ75A-13-F",REL,N/A,N/A,N/A,N/A,N/A,?,?
41,1,E066299,DIO TVS SINGLE BI-DIR 120V 30KW 2-PIN CASE P-600," 30KPA120CA",DTH819L350W350LD52_BIDIR,N/A,120V,N/A,D67,"LITTELFUSE, INC."," 30KPA120CA",REL,N/A,N/A,N/A,N/A,N/A,?,?
42,6,E040424,LED GREEN 2.1V 0603," SML-D13FWT86C",LED0603-2,N/A,2.1V,N/A,"DS1,DS2,DS3,DS4,DS5,DS6",ROHM," SML-D13FWT86C",REL,N/A,N/A,N/A,N/A,N/A,?,?
43,6,E041674,"FERRITE BEAD 2.2KOHM 100MHZ 25% 0.15A 0603, AUTOMOTIVE"," 2.2KOHM AT 100MEGHZ",L0603,25,N/A,N/A,"E1,E2,E3,E4,E5,E6",WURTH ELEKTRONIK," 782631222",REL,N/A,N/A,N/A,N/A,N/A,?,?
44,2,E020367,"IND CHIP FERRITE BEAD 0.3OHM MAX DC RESISTANCE, 1A"," 1KOHM AT 100MEGHZ",L1206-3,25,N/A,N/A,"E7,E8",WURTH ELEKTRONIK GROUP," 742792141",REL,N/A,N/A,N/A,N/A,N/A,?,?
45,1,E051575,FUSE 100A 72VDC/125VAC," 100A",FSML484W177H185,N/A,72VDC,N/A,F1,BUSSMAN/EATON," 1245HC100-RTR",REL,N/A,N/A,N/A,N/A,N/A,?,?
46,1,E047996,IND POWER SHIELDED DRUMCORE 220UH 30% 100KHZ 0.94A 0.5OHM 10.2X10MM," 220UH",LSML402W394H201,30,N/A,N/A,L1,SUMIDA," CDRH105RNP-221NC",REL,N/A,N/A,N/A,N/A,N/A,?,?
47,1,E002365,IND  SM," 2000OHMS",L1206,25,N/A,N/A,L2,LAIRD TECHNOLOGIES," HZ1206C202R-10",REL,A047-0002-011,40915JH119,N/A,N/A,7005043,?,?
48,1,E022483,IND POWER COIL," 4.7uH",L0805,20,N/A,N/A,L3,TDK," MLP2012S4R7MT0S1",REL,N/A,N/A,N/A,N/A,N/A,?,?
50,2,E048787,CONN-PCB 19POS  SHROUDED TERM BLK  HDR RA 3.5MM PITCH," 1841800000",CNTHMHDRRA1X19L2673W437H295,N/A,N/A,N/A,"P1,P4",WEIDMULLER," 1841800000",REL,N/A,N/A,N/A,N/A,N/A,?,?
51,1,E025859,"CONN-PCB TERMINAL BLOCK, 3.5 MM PITCH"," OSTTF030161",CNOSTTF030161,N/A,N/A,N/A,P10,ON-SHORE TECHNOLOGY," OSTTF030161",REL,N/A,N/A,N/A,N/A,N/A,?,?
52,1,E042196,"CONN-PCB MICRO USB 2.0 TYPE AB R/A, 0.65MM PITCH"," ZX62-AB-5PA(31)",CNHRSZX62-B-5PA_6SHLD,N/A,N/A,N/A,P11,HIROSE ELECTRIC CO.," ZX62-AB-5PA(31)",REL,N/A,N/A,N/A,N/A,N/A,?,?
53,1,E027502,CON-PCB IDC SHROUDED HDR 1.27MM PITCH," 3220-10-0300-00",CNSMMHDR2X5L443W201H228,N/A,N/A,N/A,P12,CNC TECH," 3220-10-0300-00",REL,N/A,N/A,N/A,N/A,N/A,?,?
55,8,E000791,CONN-PCB BERG JMPR ST MALE 2P," 69157-102HLF",CNBERG69157-102,N/A,N/A,N/A,"P15,P16,P17,P18,P19,P21,P22,P23",AMPHENOL FCI," 69157-102HLF",REL,A011-0002-037,N/A,N/A,N/A,N/A,?,?
56,2,E048786,CONN-PCB 8POS HEADER RA 1PORT 2.5MM PITCH," 1053141308",CNMOLEX1053141308,N/A,N/A,N/A,"P2,P5",TE CONNECTIVITY," 1053141308",REL,N/A,N/A,N/A,N/A,N/A,?,?
57,1,E017614,CONN-PCB HDR 2.54MM PITCH SIL VERT PC TAIL," M20-9990345",CNHDR1X3H340,N/A,N/A,N/A,P20,HARWIN," M20-9990345",REL,N/A,N/A,N/A,N/A,6002138,?,?
60,2,E042244,"TRAN NPN MEDIUM POWER 80V 1A , AUTOMOTIVE"," BCP56-16TF",SOT223_A,N/A,80V,N/A,"Q1,Q2",NEXPERIA," BCP56-16TF",REL,N/A,N/A,N/A,N/A,N/A,?,?
62,7,E065713,TRAN N-CH MOSFET 150V 150A PG-TO263-3," IPB048N15N5LFATMA1",TO263-3,N/A,150V,N/A,"Q3,Q4,Q5,Q6,Q7,Q8,Q9",INFINEON TECHNOLOGIES," IPB048N15N5LFATMA1",REL,N/A,N/A,N/A,N/A,N/A,?,?
63,50,E007248,RES SMD 200 Ohm 1% 1/10W 0603 AEC-Q200," 200",R0603,1,N/A,1/10W,"R1,R2,R3,R4,R5,R6,R7,R8,R9,R10,R11,R12,R13,R30,R31,R32,R33,R34,R35,R36,R37,R38,R39,R40,R41,R87,R88,R89,R90,R91,R92,R93,R94,R95,R96,R97,R98,R115,R116,R117,R118,R119,R120,R121,R122,R123,R124,R125,R126,R341",PANASONIC," ERJ-3EKF2000V",REL,A003-0032-131,N/A,N/A,N/A,N/A,?,?
64,64,E041666,RES SMD 15 Ohm 1% 1.5W 2512 AEC-Q200," 15",R2512-2,1,N/A,1.5W,"R14,R15,R16,R17,R18,R19,R20,R21,R22,R23,R24,R25,R26,R27,R28,R29,R42,R43,R44,R45,R46,R47,R48,R49,R50,R51,R52,R53,R54,R55,R56,R57,R99,R100,R101,R102,R103,R104,R105,R106,R107,R108,R109,R110,R111,R112,R113,R114,R127,R128,R129,R130,R131,R132,R133,R134,R135,R136,R137,R138,R139,R140,R141,R142",VISHAY," CRCW251215R0FKEGHP",REL,N/A,N/A,N/A,N/A,N/A,?,?
65,25,E003678,RES SMD 1K Ohm 1% 1/10W 0603 AEC-Q200," 1K",R0603,1,N/A,1/10W,"R58,R63,R65,R67,R69,R143,R148,R150,R152,R154,R173,R181,R184,R185,R247,R248,R263,R264,R279,R280,R295,R296,R311,R312,R398",PANASONIC," ERJ-3EKF1001V",REL,A003-0032-013,41816DG207,FEC 911-239,N/A,7001194,?,?
66,2,E054284,RES SMD 330 OHM 1% 1/10W 0603 AEC-Q200," 330",R0603,1,N/A,1/10W,"R59,R144",PANASONIC," ERJ-3EKF3300V",REL,N/A,N/A,N/A,N/A,N/A,?,?
67,6,E036086,RES SMD 3.3K Ohm 5% 1/4W 0603 AEC-Q200," 3.3K",R0603,5,N/A,1/4W,"R60,R62,R145,R147,R186,R188",ROHM," ESR03EZPJ332",REL,N/A,N/A,N/A,N/A,N/A,?,?
68,2,E030868,RES SMD 10 Ohm 1% 1/10W 0603 AEC-Q200," 10",R0603,1,N/A,1/10W,"R61,R146",VISHAY," CRCW060310R0FKEA",REL,N/A,N/A,N/A,N/A,N/A,?,?
69,65,E006826,RES SMD 0 Ohm JUMPER 1/10W 0603 AEC-Q200," 0",R0603,JUMPER,N/A,1/10W,"R64,R66,R68,R70,R149,R151,R153,R155,R182,R211,R213,R216,R217,R218,R219,R220,R229,R231,R232,R240,R246,R256,R262,R272,R278,R288,R294,R304,R310,R314,R316,R330,R331,R337,R338,R339,R340,R350,R351,R352,R353,R354,R355,R356,R357,R358,R359,R360,R361,R362,R363,R364,R365,R366,R367,R368,R369,R370,R371,R372,R373,R374,R376,R381,R382",PANASONIC," ERJ-3GEY0R00V",REL,A003-0038-001,N/A,N/A,N/A,7008623,?,?
70,15,E003671,RES SMD 10K Ohm 1% 1/10W 0603 AEC-Q200," 10K",R0603,1,N/A,1/10W,"R71,R73,R75,R77,R156,R158,R160,R162,R172,R183,R197,R198,R199,R200,R230",PANASONIC," ERJ-3EKF1002V",REL,A003-0032-006,N/A,FEC 911-355,1517_CAB3,7000401,?,?
72,16,E042884,RES SMD 22 OHM 1% 1/10W 0603 AEC-Q200," 22",R0603,1,N/A,1/10W,"R79,R80,R81,R82,R164,R165,R166,R167,R189,R190,R191,R192,R204,R205,R208,R209",PANASONIC," ERJ-3EKF22R0V",REL,N/A,N/A,N/A,N/A,N/A,?,?
73,16,E010181,RES SMD 51 Ohm 1% 1/10W 0603 AEC-Q200," 51",R0603,1,50V,1/10W,"R83,R84,R85,R86,R168,R169,R170,R171,R193,R194,R195,R196,R202,R203,R206,R207",PANASONIC," ERJ-3EKF51R0V",REL,N/A,N/A,N/A,N/A,7007969,?,?
74,8,E010184,RES SMD 120 Ohm 1% 1/10W 0603 AEC-Q200," 120",R0603,1,50V,1/10W,"R174,R175,R176,R325,R326,R327,R328,R329",PANASONIC," ERJ-3EKF1200V",REL,N/A,N/A,N/A,1523_CAB3,7006024,?,?
75,7,E049781,RES SMD 1.24MEG OHM 1% 1/8W 0805 AEC-Q200," 1.24MEG",R0805,1,N/A,1/8W,"R177,R178,R179,R390,R394,R396,R397","STACKPOLE ELECTRONICS, INC."," RMCF0805FT1M24",REL,N/A,N/A,N/A,N/A,N/A,?,?
76,1,E003488,RES SMD 100K Ohm 1% 1/8W 0805 AEC-Q200," 100K",R0805,1,N/A,1/8W,R180,PANASONIC," ERJ-6ENF1003V",REL,A003-0027-008,41816JH459,FEC 912-098,225_CAB3,N/A,?,?
77,1,E034670,RES SMD 2MEG Ohm 1% 1/10W 0603 AEC-Q200," 2MEG",R0603,1,N/A,1/10W,R187,"STACKPOLE ELECTRONICS, INC."," RMCF0603FT2M00",REL,N/A,N/A,N/A,N/A,N/A,?,?
78,1,E027926,RES SMD 316K Ohm 1% 1/10W 0603," 316K",R0603,1,N/A,1/10W,R201,YAGEO," RC0603FR-07316KL",REL,N/A,N/A,N/A,N/A,N/A,?,?
80,2,E017927,RES SMD 20K Ohm 1% 1/10W 0603 AEC-Q200," 20K",R0603,1,N/A,1/10W,"R214,R215",PANASONIC," ERJ-3EKF2002V",REL,N/A,N/A,N/A,N/A,N/A,?,?
81,7,E003666,RES SMD 10 Ohm 1% 1/10W 0603 AEC-Q200," 10",R0603,1,N/A,1/10W,"R221,R222,R223,R226,R227,R228,R380",PANASONIC," ERJ-3EKF10R0V",REL,A003-0032-001,41816DG315,FEC 910-995,N/A,7005634,?,?
83,7,E004075,RES SMD 10K Ohm 1% 1/4W 1206," 10K",R1206,1,N/A,1/4W,"R313,R317,R318,R346,R347,R348,R349",IRC\TT ELECTRONICS," WCR1206-10KFI",REL,ADD_TO_STOCK_20,N/A,FEC 420-621,N/A,7005888,?,?
84,1,E003453,RES SMD 120 Ohm 5% 1/10W 0402 AEC-Q200," 120",R0402,5,N/A,1/10W,R319,PANASONIC," ERJ-2GEJ121X",REL,A003-0021-017,N/A,N/A,1563_CAB3,N/A,?,?
85,5,E050671,RES SMD 1.2K OHM 1% 1/10W 0603 AEC-Q200," 1.2K",R0603,1,N/A,1/10W,"R332,R333,R334,R335,R336",VISHAY," CRCW06031K20FKEA",REL,N/A,N/A,N/A,N/A,N/A,?,?
86,1,E058948,RES SMD  0.0001 OHM 5% 36W 8518 AEC-Q200," 0.0001",RSML3307W787H124_6FS,5,N/A,36W,R375,VISHAY," WSBS8518L1000JK",REL,N/A,N/A,N/A,N/A,N/A,?,?
87,3,E050292,RES SMD 33 OHM 5% 5W 5329 J-LEAD," 33",R5329,5,N/A,5W,"R377,R378,R379",TE CONNECTIVITY," SMW533RJT",REL,N/A,N/A,N/A,N/A,N/A,?,?
89,4,E036026,RES SMD 43K Ohm 0.1% 1/8W 0805 AEC-Q200 HIGH RELIABILITY," 43K",R0805,0.1,N/A,1/8W,"R389,R391,R393,R395",PANASONIC," ERA-6AEB433V",REL,N/A,N/A,N/A,N/A,N/A,?,?
91,2,E048374,RES THERMISTOR NTC 10KOHM 3380K 0603," 10K",R0603H35,1,5V,100MW,"RT1,RT2",MURATA," NCU18XH103F6SRB",REL,N/A,N/A,N/A,N/A,N/A,?,?
92,1,E016303,SWITCH ULTRA SMALL TACTILE," B3U-1000P",SWSML118W98H69,N/A,N/A,N/A,S1,OMRON," B3U-1000P",REL,N/A,N/A,N/A,N/A,6003208,?,?
93,4,E066949,XFMR 350UH LAN BASE 10/100T BASE-T 1:1," 7490100111",TSML510W280H215,N/A,N/A,N/A,"T1,T2,T3,T5",WURTH ELEKTRONIK," 7490100111",REL,N/A,N/A,N/A,N/A,N/A,?,?
94,1,E060475,XFMR FLYBACK FOR LT8300," 750312367",TSML400W295H340,N/A,N/A,N/A,T4,WURTH ELEKTRONIK," 750312367",REL,N/A,N/A,N/A,N/A,N/A,?,?
95,3,E012555,CONN-PCB BANANA JACK," 575-4",CNBANANAD312LD203,N/A,N/A,N/A,"TP10,TP12,TP16",KEYSTONE ELECTRONICS," 575-4",REL,N/A,N/A,N/A,N/A,6001707,?,?
96,3,E031108,CONN-PCB SOLDER TERMINAL TEST POINT TURRET 0.094" MTG. HOLE PCB 0.062 INCH THK," 2501-2-00-80-00-00-07-0",CNMILLMAX2501,N/A,N/A,N/A,"TP9,TP11,TP13",MILL-MAX," 2501-2-00-80-00-00-07-0",REL,N/A,N/A,N/A,N/A,N/A,?,?
97,2,E066878,NDA IC-ADI MULTICELL BATTERY MONITOR," ADBMS6830MWCSWZ",QFP80_12X12_PAD5_81X5_81,N/A,N/A,?,"U1,U3",ANALOG DEVICES," ADBMS6830MWCSWZ",REL,N/A,N/A,N/A,N/A,N/A,?,?
98,1,E046212,IC-ADI DUAL ISOSPI TRASCEIVER," ADBMS6822WCCSZ",QFN32_5X5_PAD2_1X2_1,N/A,N/A,?,U10,ANALOG DEVICES," ADBMS6822WCCSZ",REL,N/A,N/A,N/A,N/A,N/A,?,?
99,3,E047833,IC-ADI FAST 150V HI-SIDE NMOS STATIC SWITCH DRIVER," LTC7001IMSE#WPBF",MSOP10_PAD1_88X1_68,N/A,N/A,?,"U11,U12,U13",ANALOG DEVICES," LTC7001IMSE#WPBF",REL,N/A,N/A,N/A,N/A,N/A,?,?
100,1,E065680,"IC-ADI ULTRA-SMALL, LOW-RON, BEYOND-THE-RAILS DPST/SPDT ANALOG SWITCHES"," MAX20337AEFT+",DFN6_F61A1F_1,N/A,N/A,?,U14,ANALOG DEVICES," MAX20337AEFT+",REL,N/A,N/A,N/A,N/A,N/A,?,?
101,1,E062177,IC-ADI  1A AUTOMOTIVE LOW-NOISE LDO LINEAR REGULATOR," MAX25301AATB/V+",DFN10_3X3_PAD2_3X1_5,N/A,1.7V to 5.5V,?,U15,ANALOG DEVICES," MAX25301AATB/V+",REL,N/A,N/A,N/A,N/A,N/A,?,?
102,1,E021109,"IC-ADI ULTRALOW NOISE,CMOS LINEAR REG, 1.8 VOUT"," ADP151ACBZ-1.8-R7",WLCSP4H26,N/A,N/A,?,U16,ANALOG DEVICES," ADP151ACBZ-1.8-R7",REL,N/A,N/A,N/A,N/A,N/A,?,?
103,1,E044726,"IC-ADI ULTRALOW NOISE, CMOS LINEAR REG, 1.2VOUT, AUTOMOTIVE"," ADP151WACBZ-1.2",WLCSP4H26,N/A,N/A,?,U17,ANALOG DEVICES," ADP151WACBZ-1.2-R7",REL,N/A,N/A,N/A,N/A,N/A,?,?
104,1,E055715,"IC-ADI ULTRALOW NOISE, CMOS LINEAR REG, 1.1 VOUT"," ADP151ACBZ-1.1",WLCSP4H26,N/A,N/A,?,U18,ANALOG DEVICES," ADP151ACBZ-1.1-R7",REL,N/A,N/A,N/A,N/A,N/A,?,?
105,1,E035076,IC-ADI 60V FAULT PROTECTED HIGH SPEED CAN TRANSCEIVER," LTC2875HDD#PBF",DFN8_3X3_PAD2_38X1_65,N/A,N/A,?,U19,ANALOG DEVICES," LTC2875HDD#PBF",REL,N/A,N/A,N/A,N/A,N/A,?,?
106,3,E027039,IC EEPROM 2K I2C 400KHZ," 24LC02B-E/SN",SO8,N/A,N/A,?,"U2,U4,U7",MICROCHIP TECHNOLOGY," 24LC02B-E/SN",REL,N/A,N/A,N/A,N/A,N/A,?,?
107,1,E062693,"IC-ADI  LOW-NOISE, HIGH-PRECISION SERIES VOLTAGE REFERENCES 3.3V"," MAX6071AAUT33+T",SOT23_6-3,N/A,3.3V,?,U20,ANALOG DEVICES," MAX6071AAUT33+T",REL,N/A,N/A,N/A,N/A,N/A,?,?
108,1,E059110,IC-ADI DUAL HIGH SPEEED DIFFERENTIAL ESD PROTECTION," MAX3207EAUT+",SOT23_6,N/A,N/A,?,U21,ANALOG DEVICES," MAX3207EAUT+",REL,N/A,N/A,N/A,N/A,N/A,?,?
109,1,E063217,IC-ADI ARM CORTEX-M4 WITH FPU MICROCONTROLLER AND BLUETOOTH LE 5 FOR INDUSTRIAL AND WEARABLES," MAX32690GTK+",QFN68_8X8_PAD6_25X6_25,N/A,N/A,?,U22,ANALOG DEVICES," MAX32690GTK+",REL,N/A,N/A,N/A,N/A,N/A,?,?
110,1,E042351,NDA IC-ADI BATTERY PACK MONITORS," ADBMS2950WCCSZ",QFN48_7X7_PAD4_8X4_8,N/A,N/A,?,U5,ANALOG DEVICES," ADBMS2950WCCSZ",REL,N/A,N/A,N/A,N/A,N/A,?,?
111,1,E048616,IC-ADI HIGH EFFICIENCY SYNCH STEP-DOWN REGULATOR," LTC3639EMSE#PBF",MSOP16_PAD2_845X1_651_12P,N/A,N/A,?,U6,ANALOG DEVICES," LTC3639EMSE#PBF",REL,N/A,N/A,N/A,N/A,N/A,?,?
112,1,E034609,IC-ADI 5KV RMS DUAL CHANNEL DIGITAL ISOLATORS," ADUM225N1BRIZ",SO8WB_A,N/A,N/A,?,U8,ANALOG DEVICES," ADUM225N1BRIZ",REL,N/A,N/A,N/A,N/A,N/A,?,?
113,1,E056562,IC-ADI 100VIN MICROPOWER ISOLATED FLYBACK CONVERTER WITH 150V/0.45A SWITCH," LT8303IS5#TRMPBF",TSOT-5,N/A,N/A,?,U9,ANALOG DEVICES," LT8303IS5#TRMPBF",REL,N/A,N/A,N/A,N/A,N/A,?,?
114,1,E034955,IC CRYSTAL SMD 12.5PF," 32.768KHZ",YSML65W41H20,20PPM,N/A,N/A,Y1,EPSON TOYOCOM," FC1610AN 32.7680KA-A3",REL,N/A,N/A,N/A,N/A,N/A,?,?
115,1,E063124,IC CRYSTAL 32MHZ +/-10PPM (TOL) +/-10PPM (STABILITY) 8PF," 32MHZ",YSML63W47H14,10PPM,N/A,N/A,Y2,DIODES INCORPORATED," US3200005Z",REL,N/A,N/A,N/A,N/A,N/A,?,?

Callouts File:C:\tmp\20_080095c\worklib\02_080095c_top\bom\bom.log.callouts
Mechanical Parts
ITEM#,Qty,WW_PN,DESCRIPTION," VALUE",JEDEC_TYPE,TOL,VOLTAGE,WATTAGE,LOCATION,MFG," MFG_PN",HLM_STATUS,STOCKROOM_WL,STOCKROOM_GT,STOCKROOM_LK,STOCKROOM_GBO,STOCKROOM_NSH,CUSTOM_PART,DNI
2,4,M035074,"SCREW, PAN HD 4-40 1/4 NYLON"," ?",SCREW_4-40,?,?,?,?,KEYSTONE," 9327",REL,N/A,N/A,N/A,N/A,N/A,?,?
3,4,M025474,"STANDOFF, NYLON HEX FEMALE 6.35MM O.D, 4-40 THREAD, 1/2 INCH LONG"," ?",N/A,?,?,?,?,KEYSTONE," 1902C",REL,N/A,N/A,N/A,N/A,N/A,?,?
4,6,M036050,SHUNT 2 (2X1) POS CONNECTOR BLACK 2.54MM," ?",N/A,?,?,?,?,SAMTEC INC.," SNT-100-BK-T",REL,N/A,N/A,N/A,N/A,N/A,?,?


The following components are part of the PCB or are NOT to be installed
ITEM#,Qty,WW_PN,DESCRIPTION," VALUE",JEDEC_TYPE,TOL,VOLTAGE,WATTAGE,LOCATION,MFG," MFG_PN",HLM_STATUS,STOCKROOM_WL,STOCKROOM_GT,STOCKROOM_LK,STOCKROOM_GBO,STOCKROOM_NSH,CUSTOM_PART,DNI
 6,8,E031923,CAP CER 0.1uF 25V 10% X7R 0603 AEC-Q200 LOW ESR," 0.1uF",C0603,10,25V,N/A,"C72,C74,C76,C78,C166,C168,C170,C172",TDK," CGA3E2X7R1E104K080AA",REL,N/A,N/A,N/A,N/A,N/A,?,DNI
 7,8,E044216,CAP CER 10NF 100V 10% X7R 0603 AEC-Q200," 10NF",C0603,10,100V,N/A,"C80,C82,C84,C86,C174,C176,C178,C180",MURATA," GCM188R72A103KA37J",REL,N/A,N/A,N/A,N/A,N/A,?,DNI
 27,2,E034633,CAP CER 12pF 50V 5% C0G 0402 AEC-Q200 LOW ESR," 12pF",C0402,5,50V,N/A,"C292,C294",TDK," CGA2B2C0G1H120J050BA",REL,N/A,N/A,N/A,N/A,N/A,?,DNI
 30,9,E022876,CAP CER 0.22uF 25V 10% X8R 0603 AEC-Q200," 0.22uF",C0603,10,25V,N/A,"C346,C347,C348,C349,C350,C351,C352,C353,C354",TDK," CGA3E3X8R1E224K080AE",REL,N/A,N/A,N/A,N/A,N/A,?,DNI
 37,2,E032827,DIO TVS 70V 400W SMA," SMAT70A-13-F",SMA-2,N/A,70V,400W,"D22,D23",DIODES INCORPORATED," SMAT70A-13-F",REL,N/A,N/A,N/A,N/A,N/A,?,DNI
 40,14,E061256,DIO TVS UNIDIRECTIONAL 12VCL 33.3A," SMAJ7.0A",DO214AC_A,N/A,7V,N/A,"D59,D60,D61,D62,D63,D64,D65,D68,D69,D70,D71,D72,D73,D74","LITTELFUSE, INC."," SMAJ7.0A",REL,N/A,N/A,N/A,N/A,N/A,?,DNI
 49,3,E038585,"IND COMMON MODE CHOKE COIL 200UH, 4.5OHM DCR, 0.11A, AUTOMOTIVE"," 200UH",LSML177W126H114,N/A,N/A,N/A,"L4,L5,L6",MURATA," DLW43MH201XK2L",REL,N/A,N/A,N/A,N/A,N/A,?,DNI
 54,2,E024532,"CONN-PCB HDR 12POS ST, 2.54MM PITCH"," TSW-112-16-G-S",CNHDR1X12H420,N/A,N/A,N/A,"P13,P14",SAMTEC INC.," TSW-112-16-G-S",REL,N/A,N/A,N/A,N/A,N/A,?,DNI
 58,2,E042079,"CONN-PCB 8POS MALE HDR UNSHROUDED 0.635MM SQ POST DOUBLE ROW 5.84MM MATING POST, 2.54MM SOLDER TAIL, 2.54MM PITCH"," TSW-104-07-G-D",CNTHMHDR2X4L400W200H330,N/A,N/A,N/A,"P3,P6",SAMTEC INC.," TSW-104-07-G-D",REL,N/A,N/A,N/A,N/A,N/A,?,DNI
 59,3,E006587,CONN-PCB HDR ST 10P," TSW-105-08-G-D",CNSAMTEC2X5H338LD36,N/A,N/A,N/A,"P7,P8,P9",SAMTEC," TSW-105-08-G-D",REL,ADD_TO_STOCK1,N/A,N/A,N/A,6002417,?,DNI
 61,6,E065713,TRAN N-CH MOSFET 150V 150A PG-TO263-3," IPB048N15N5LFATMA1",TO263-3,N/A,150V,N/A,"Q10,Q11,Q12,Q13,Q14,Q15",INFINEON TECHNOLOGIES," IPB048N15N5LFATMA1",REL,N/A,N/A,N/A,N/A,N/A,?,DNI
 71,6,E003671,RES SMD 10K Ohm 1% 1/10W 0603 AEC-Q200," 10K",R0603,1,N/A,1/10W,"R157,R159,R161,R163,R224,R225",PANASONIC," ERJ-3EKF1002V",REL,A003-0032-006,N/A,FEC 911-355,1517_CAB3,7000401,?,DNI
 79,23,E006826,RES SMD 0 Ohm JUMPER 1/10W 0603 AEC-Q200," 0",R0603,JUMPER,N/A,1/10W,"R210,R212,R233,R234,R249,R250,R265,R266,R281,R282,R297,R298,R315,R320,R321,R322,R323,R324,R342,R343,R344,R345,R392",PANASONIC," ERJ-3GEY0R00V",REL,A003-0038-001,N/A,N/A,N/A,7008623,?,DNI
 82,50,E004050,"DO NOT INSTALL (TBD_R0603), PLEASE USE SYM_3 AND/OR SYM_4"," TBD0603",R0603,TBD0603,N/A,TBD0603,"R235,R236,R237,R238,R239,R241,R242,R243,R244,R245,R251,R252,R253,R254,R255,R257,R258,R259,R260,R261,R267,R268,R269,R270,R271,R273,R274,R275,R276,R277,R283,R284,R285,R286,R287,R289,R290,R291,R292,R293,R299,R300,R301,R302,R303,R305,R306,R307,R308,R309",TBD0603," TBD0603",REL,TBD0603,N/A,N/A,N/A,N/A,?,DNI
 88,6,E003666,RES SMD 10 Ohm 1% 1/10W 0603 AEC-Q200," 10",R0603,1,N/A,1/10W,"R383,R384,R385,R386,R387,R388",PANASONIC," ERJ-3EKF10R0V",REL,A003-0032-001,41816DG315,FEC 910-995,N/A,7005634,?,DNI
 90,4,E036086,RES SMD 3.3K Ohm 5% 1/4W 0603 AEC-Q200," 3.3K",R0603,5,N/A,1/4W,"R72,R74,R76,R78",ROHM," ESR03EZPJ332",REL,N/A,N/A,N/A,N/A,N/A,?,DNI

