TITLE: Bill of Materials
BOM NO: 05-049259-01-f.csv
DATE: 11/27/2020
DESIGN: 02_049259c_top
TEMPLATE: Z:\allegro\v172_site\cdssetup\template.bom
CALLOUT: C:\tmp\20_049259g\worklib\02_049259c_top\bom\049259b.callouts

ITEM#,Qty,WW_PN,DESCRIPTION," VALUE",JEDEC_TYPE,TOL,VOLTAGE,WATTAGE,LOCATION,MFG," MFG_PN",HLM_STATUS,STOCKROOM_WL,STOCKROOM_GT,STOCKROOM_LK,STOCKROOM_GBO,STOCKROOM_NSH,CUSTOM_PART,DNI
1,1,08_049259c,PCB,?,?,?,?,?,?,Analog Devices Supplied,08_049259c,N/A,?,?,?,?,?,?,?
2,3,E024995,CAP CER 2.2uF 50V 10% X5R 0603," 2.2uF",C0603,10,50V,N/A,"C1,C9,C116",MURATA," GRM188R61H225KE11J",REL,N/A,N/A,N/A,N/A,N/A,?,?
3,88,E028141,CAP CER 0.1uF 16V 10% X7R 0402 AEC-Q200," 0.1uF",C0402,10,16V,N/A,"C5,C7,C10,C12,C19,C21,C22,C24,C26,C28,C30,C31,C32,C33,C34,C35,C36,C37,C38,C39,C40,C41,C42,C43,C44,C45,C46,C47,C48,C49,C50,C52,C53,C55,C56,C57,C58,C59,C60,C61,C62,C63,C64,C65,C66,C70,C72,C73,C75,C79,C80,C81,C82,C83,C84,C85,C86,C87,C88,C89,C90,C91,C93,C94,C95,C96,C98,C100,C108,C112,C113,C117,C118,C119,C120,C121,C122,C123,C124,C125,C126,C127,C128,C129,C130,C131,C132,C141",MURATA," GCM155R71C104KA55D",REL,N/A,N/A,N/A,N/A,N/A,?,?
4,1,E013399,NRND - CAP CER 22uF 16V 20% X5R 1206," 22uF",C1206H71,20,16V,N/A,C101,TAIYO YUDEN," EMK316BJ226ML-T",NON-PREF,N/A,N/A,N/A,N/A,7002919,?,?
5,24,E032711,CAP CER 1uF 50V 10% X5R 0603 AEC-Q200 LOW ESR," 1uF",C0603,10,50V,N/A,"C2,C11,C16,C17,C18,C20,C27,C68,C71,C97,C99,C102,C103,C104,C105,C111,C115,C134,C138,C139,C140,C142,C143,C146",TDK," CGA3E3X5R1H105K080AB",REL,N/A,N/A,N/A,N/A,N/A,?,?
6,1,E034560,CAP CER 22uF 25V 20% X7R 1812 LOW ESR," 22uF",C1812H110,20,25V,N/A,C106,TDK," C4532X7R1E226M250KC",REL,N/A,N/A,N/A,N/A,N/A,?,?
7,5,E033352,CAP CER 6800pF 50V 10% X7R 0402," 6800pF",C0402,10,50V,N/A,"C107,C135,C136,C137,C144",SAMSUNG," CL05B682KB5NNNC",REL,N/A,N/A,N/A,N/A,N/A,?,?
8,2,E007476,CAP CER 18pF 50V 5% C0G 0402," 18pF",C0402,5,50V,N/A,"C109,C110",MURATA," GJM1555C1H180JB01D",REL,ADD_TO_STOCK_246,N/A,N/A,1572_CAB3,7002671,?,?
9,5,E020949,CAP CER 1000pF 16V 10% X7R 0402," 1000pF",C0402,10,16V,N/A,"C3,C6,C13,C14,C15",YAGEO," CC0402KRX7R7BB102",REL,N/A,N/A,N/A,N/A,N/A,?,?
10,1,E030852,CAP CER 4.7uF 50V 10% X7R 1210 AEC-Q200," 4.7uF",C1210-2,10,50V,N/A,C133,TDK," GCM32ER71H475KA55L",REL,N/A,N/A,N/A,N/A,N/A,?,?
11,1,E016319,CAP CER 10pF 50V 0.5pF C0G 0603 LOW ESR," 10pF",C0603,0.5pF,50V,N/A,C145,TDK," C1608C0G1H100D080AA",REL,N/A,N/A,N/A,N/A,7002454,?,?
12,2,E022064,CAP CER 47uF 10V 20% X5R 0805 LOW ESR," 47uF",C0805H60,20,10V,N/A,"C147,C148",TDK," C2012X5R1A476M125AC",REL,N/A,N/A,N/A,N/A,N/A,?,?
13,1,E019776,CAP CER 0.033uF 50V 10% X7R 0402 AEC-Q200 LOW ESR," 0.033uF",C0402,10,50V,N/A,C23,TDK," CGA2B3X7R1H333K050BB",REL,N/A,N/A,N/A,N/A,N/A,?,?
14,1,E033782,CAP CER 0.33uF 16V 20% X7R 0603," 0.33uF",C0603,20,16V,N/A,C25,SAMSUNG," CL10B334KO8NNNC",REL,N/A,N/A,N/A,N/A,N/A,?,?
15,1,E025706,CAP CER 1000pF 25V 10% X7R 0402 AEC-Q200," 1000pF",C0402,10,25V,N/A,C29,TDK," CGJ2B2X7R1E102K050BA",REL,N/A,N/A,N/A,N/A,N/A,?,?
16,2,E034615,CAP CER 18pF 250V 5% C0G 0603," 18pF",C0603,5,250V,N/A,"C4,C8",MURATA," GQM1875C2E180JB12D",REL,N/A,N/A,N/A,N/A,N/A,?,?
17,2,E000346,CAP CER 8.2pF 50V 0.25pF C0G 0603," 8.2pF",C0603,0.25pF,50V,N/A,"C51,C54",AVX," 06035A8R2CAT2A",REL,A004-0012-057,N/A,N/A,N/A,7003479,?,?
18,2,E030256,CAP CER 4.7uF 6.3V 10% X7R 0603," 4.7uF",C0603,10,6.3V,N/A,"C67,C69",SAMSUNG," CL10B475KQ8NQNC",REL,N/A,N/A,N/A,N/A,7009912,?,?
19,3,E017584,CAP CER 2.2uF 10V 10% X7S 0402 LOW ESR," 2.2uF",C0402,10,10V,N/A,"C74,C77,C78",TDK," C1005X7S1A225K",REL,N/A,N/A,N/A,N/A,7002767,?,?
21,2,E011584,DIO ZNR SUPPRESSOR ESD 24 VDC 0603," PGB1010603",D0603,N/A,24V,N/A,"D2,D4",LITTELFUSE," PGB1010603",REL,N/A,N/A,N/A,N/A,7004084,?,?
22,1,E033206,"DIO SCHOTTKY LOW VF , 3A"," PMEG3030EP,115",SOD128,N/A,30V,N/A,D5,NEXPERIA," PMEG3030EP,115",REL,N/A,N/A,N/A,N/A,N/A,?,?
23,3,E024758,"LED SMARTLED 591NM, YELLOW"," LY L29K-H1J2-26-Z",LED0603-2,N/A,1.8V,N/A,"DS1,DS3,DS5",OSRAM OPTO SEMICONDUCTORS," LY L29K-H1J2-26-Z",REL,N/A,N/A,N/A,N/A,N/A,?,?
24,2,E010948,DIODE HYPER BRIGHT LOW CURRENT LED (GREEN)," LG L29K-G2J1-24-Z",LED0603-2,N/A,N/A,N/A,"DS2,DS4",OSRAM OPTO SEMICONDUCTORS," LG L29K-G2J1-24-Z",REL,ADD_TO_STOCK,N/A,N/A,N/A,7003938,?,?
25,1,E023511,LED SMARTLED 630NM RED," LS L29K-H1J2-1-Z",LED0603,N/A,N/A,N/A,DS6,OSRAM OPTO SEMICONDUCTORS," LS L29K-H1J2-1-Z",REL,N/A,N/A,N/A,N/A,N/A,?,?
26,1,E019012,IND FERRITE CHIP BEAD," 600OHM",L1206,25,N/A,N/A,E2,LAIRD TECHNOLOGIES," HZ1206E601R-10",REL,N/A,N/A,N/A,N/A,N/A,?,?
27,1,E019248,IND CHIP FERRITE BEAD," 600OHM",L0603,25,N/A,N/A,E3,MURATA MANUFACTURING," BLM18AG601SN1D",REL,N/A,N/A,N/A,N/A,N/A,?,?
28,1,E016241,FUSE RESETTABLE PTC," 0.5A",F1206H30,N/A,6V,0.6W,F2,LITTELFUSE," 1206L050YR",REL,N/A,N/A,N/A,N/A,6002530,?,?
29,1,E033285,FUSE PTC RESETTABLE FUSE," 1.5A",F1812H61,N/A,24V,1W,F3,BEL FUSE," 0ZCG0150BF2C",REL,N/A,N/A,N/A,N/A,N/A,?,?
30,1,E027724,"IND SHIELDED POWER, 0.0674OHM DC, 3.9A"," 6.8UH",LSMSQ157H122,20,N/A,N/A,L1,COILCRAFT INC.," XEL4030-682MEC",REL,N/A,N/A,N/A,N/A,N/A,?,?
31,1,E014211,"CONN-PCB BOARD TO BOARD RECEPTACLE ST, 0.6MM PITCH"," FX8-120P-SV1(92)",CNHDR2X60H161,N/A,N/A,N/A,P10,HIROSE ELECTRIC," FX8-120P-SV1(92)",NON-PREF,N/A,N/A,N/A,N/A,6002032,?,?
32,1,E024421,"CONN-PCB HDR 1.27MM PITCH, DUAL ROW ST"," 3220-10-0100-00",CNHDR2X5H220_A,N/A,N/A,N/A,P11,CNC TECH," 3220-10-0100-00",REL,N/A,N/A,N/A,N/A,N/A,?,?
34,1,E029424,"CONN-PCB 3POS MALE HDR UNSHROUDED SINGLE ROW, 2.54MM PITCH, 3MM SOLDER TAIL"," M20-9990345",CNHDR1X3H340,N/A,N/A,N/A,P14,HARWIN," M20-9990345",REL,N/A,N/A,N/A,N/A,N/A,?,?
35,1,E015435,CONN-PCB DC POWER JACK," PJ-037AH",CNCUIPJ-037AH,N/A,N/A,N/A,P15,CUI," PJ-037AH",REL,N/A,N/A,N/A,N/A,6002239,?,?
36,1,E031205,MOD USB 3.1 TYPE-C RA," 12401598E4#2A",M12401598E4_2A,N/A,N/A,N/A,P2,AMPHENOL," 12401598E4#2A",REL,N/A,N/A,N/A,N/A,N/A,?,?
37,2,E032350,"CONN-PCB HDR FEMALE 8POS 2.54MM PITCH, 3.2MM SOLDER TAIL"," PPPC081LFBN-RC",CNTHMHDR1X8L820W100H341,N/A,N/A,N/A,"P3,P7",SULLINS," PPPC081LFBN-RC",REL,N/A,N/A,N/A,N/A,N/A,?,?
38,1,E032407,"CONN-PCB 6POS HDR FEMALE SINGLE ROW ST, 2.54MM PITCH, 3.2MM SOLDER TAIL"," PPPC061LFBN-RC",CNTHFHDR1X6L620W100H341,N/A,N/A,N/A,P4,SULLINS," PPPC061LFBN-RC",REL,N/A,N/A,N/A,N/A,N/A,?,?
39,1,E031502,"CONN-PCB 6POS MALE HDR UNSHROUDED DOUBLE ROW ST, 2.54MM PITCH, 5.84MM POST HEIGHT, 2.54MM SOLDER TAIL"," TSW-103-07-F-D",CNSAMTEC2X3H330LD36,N/A,N/A,N/A,P5,SAMTEC INC.," TSW-103-07-F-D",REL,N/A,N/A,N/A,N/A,N/A,?,?
40,1,E032418,"CONN-PCB HDR FEMALE 10POS 2.54MM PITCH, 3.2MM SOLDER TAIL"," PPPC101LFBN-RC",CNTHFHDR1X10L1020W100H341,N/A,N/A,N/A,P6,SULLINS," PPPC101LFBN-RC",REL,N/A,N/A,N/A,N/A,N/A,?,?
42,10,E033281,"TRAN P-CHANNEL TRENCH MOSFET, 0.210A"," BSH111BKR",SOT23_B,N/A,55V,0.302W,"Q1,Q3,Q4,Q5,Q10,Q11,Q15,Q16,Q17,Q18",NEXPERIA," BSH111BKR",REL,N/A,N/A,N/A,N/A,N/A,?,?
43,3,E033183,"TRAN DUAL P-CH ENHANCEMENT MODE MOSFET, 3.8A"," DMP1046UFDB -7",DFN6_2X2_2PAD0_60X1,N/A,12V,N/A,"Q12,Q13,Q14",DIODES INCORPORATED," DMP1046UFDB -7",REL,N/A,N/A,N/A,N/A,N/A,?,?
44,3,E018770,TRAN N-CHAN POWER MOSFET," BSS138LT1G",SOT23,N/A,50V,N/A,"Q8,Q9,Q19",ON SEMICONDUCTOR," BSS138LT1G",REL,N/A,N/A,N/A,N/A,1004217,?,?
45,1,E027084,"TRAN P-CH D-S MOSFET, 5A"," SI2333DDS-T1-GE3",SOT23_B,N/A,12V,N/A,Q2,VISHAY," SI2333DDS-T1-GE3",REL,N/A,N/A,N/A,N/A,N/A,?,?
46,2,E033280,"TRAN P-CHANNEL TRENCH MOSFET, 3.5A"," PMV48XP,215",SOT23_B,N/A,20V,0.510W,"Q6,Q7",NEXPERIA," PMV48XP,215",REL,N/A,N/A,N/A,N/A,N/A,?,?
47,25,E003464,RES SMD 100K Ohm 5% 1/10W 0402 AEC-Q200," 100K",R0402,5,N/A,1/10W,"R1,R2,R11,R13,R14,R15,R70,R71,R73,R74,R75,R76,R77,R79,R82,R87,R91,R97,R100,R105,R112,R178,R181,R188,R201",PANASONIC," ERJ-2GEJ104X",REL,N/A,N/A,N/A,N/A,7005773,?,?
49,10,E014667,RES SMD 2.2K Ohm 1% 1/10W 0603 AEC-Q200," 2.2K",R0603,1,N/A,1/10W,"R65,R66,R78,R101,R102,R104,R108,R111,R113,R210",PANASONIC," ERJ-3EKF2201V",REL,N/A,N/A,N/A,N/A,N/A,?,?
50,20,E003751,RES SMD 10K Ohm 1% 1/10W 0402 AEC-Q200," 10K",R0402,1,N/A,1/10W,"R4,R5,R27,R30,R46,R57,R64,R67,R98,R103,R107,R114,R211,R212,R213,R214,R221,R222,R223,R224",PANASONIC," ERJ-2RKF1002X",REL,A003-0035-004,41816DG719,N/A,N/A,7000582,?,?
52,32,E020519,RES SMD 33 Ohm 1% 1/10W 0402 AEC-Q200," 33",R0402,1,N/A,1/10W,"R34,R35,R36,R37,R38,R39,R40,R41,R42,R43,R44,R48,R49,R50,R51,R52,R53,R54,R55,R56,R58,R59,R60,R61,R62,R63,R109,R110,R206,R207,R208,R209",PANASONIC," ERJ-2RKF33R0X",REL,N/A,N/A,N/A,N/A,N/A,?,?
53,4,E006545,RES SMD 4.02K Ohm 1% 1/10W 0603 AEC-Q200," 4.02K",R0603,1,N/A,1/10W,"R115,R117,R118,R220",PANASONIC," ERJ-3EKF4021V",REL,A003-0032-117,N/A,N/A,N/A,N/A,?,?
54,6,E007899,RES SMD 10K Ohm 1% 1/16W 0603," 10K",R0603,1,N/A,1/16W,"R28,R81,R96,R116,R119,R120",MULTICOMP (SPC)," MC0603WGF1002T5E-TC",REL,N/A,N/A,N/A,N/A,7005853,?,?
55,1,E021385,RES SMD 8.06K Ohm 1% 1/10W 0402 AEC-Q200," 8.06K",R0402,1,N/A,1/10W,R12,PANASONIC," ERJ-2RKF8061X",REL,N/A,N/A,N/A,N/A,N/A,?,?
57,3,E014697,RES SMD 3.9K Ohm 1% 1/10W 0402 AEC-Q200," 3.9K",R0402,1,N/A,1/10W,"R16,R68,R219",PANASONIC," ERJ-2RKF3901X",REL,N/A,N/A,N/A,N/A,7007165,?,?
58,3,E003682,RES SMD 1MEG Ohm 1% 1/10W 0603 AEC-Q200," 1MEG",R0603,1,N/A,1/10W,"R17,R18,R202",PANASONIC," ERJ-3EKF1004V",REL,A003-0032-017,41816DG307,FEC 911-598,N/A,N/A,?,?
59,3,E003749,RES SMD 1MEG Ohm 1% 1/10W 0402 AEC-Q200," 1MEG",R0402,1,N/A,1/10W,"R92,R177,R179",PANASONIC," ERJ-2RKF1004X",REL,A003-0035-002,N/A,N/A,1686_CAB3,N/A,?,?
60,2,E025323,RES SMD 5.1K Ohm 5% 1/10W 0402 AEC-Q200," 5.1K",R0402,5,N/A,1/10W,"R80,R180",PANASONIC," ERJ-2GEJ512X",REL,N/A,N/A,N/A,N/A,N/A,?,?
61,12,E030156,RES SMD 0 Ohm JUMPER 1/16W 0402 AEC-Q200," 0",R0402,JUMPER,N/A,1/16W,"R6,R7,R19,R20,R23,R25,R29,R32,R86,R99,R183,R189",YAGEO," AC0402JR-070RL",REL,N/A,N/A,N/A,N/A,N/A,?,?
62,1,E019446,RES SMD 30K Ohm 1% 1/10W 0402 AEC-Q200," 30K",R0402,1,50V,1/10W,R184,PANASONIC," ERJ-2RKF3002X",REL,N/A,N/A,N/A,N/A,N/A,?,?
63,2,E018193,RES SMD 12K Ohm 1% 1/10W 0603 AEC-Q200," 12K",R0603,1,N/A,1/10W,"R3,R185",PANASONIC," ERJ-3EKF1202V",REL,N/A,N/A,N/A,N/A,7006072,?,?
64,1,E027660,RES SMD 453K Ohm 1% 1/10W 0402 AEC-Q200," 453K",R0402,1,N/A,1/10W,R186,PANASONIC," ERJ-2RKF4533X",REL,N/A,N/A,N/A,N/A,N/A,?,?
65,6,E017855,RES SMD 100K Ohm 1% 1/16W 0402," 100K",R0402,1,50V,1/16W,"R187,R191,R192,R193,R204,R205",MULTICOMP (SPC)," MC 0.0625W 0402 1% 100K",REL,N/A,N/A,N/A,N/A,7005772,?,?
66,1,E019711,RES SMD 105K Ohm 1% 1/10W 0603 AEC-Q200," 105K",R0603,1,N/A,1/10W,R194,PANASONIC," ERJ-3EKF1053V",REL,N/A,N/A,N/A,N/A,N/A,?,?
67,3,E030124,RES SMD 16.9K Ohm 0.1% 1/16W 0402 AEC-Q200 HIGH RELIABILITY," 16.9K",R0402,0.1,N/A,1/16W,"R195,R197,R226",PANASONIC," ERA-2AEB1692X",REL,N/A,N/A,N/A,N/A,N/A,?,?
68,3,E020912,RES SMD 34.8K Ohm 1% 1/10W 0402 AEC-Q200," 34.8K",R0402,1,N/A,1/10W,"R196,R198,R227",PANASONIC," ERJ-2RKF3482X",REL,N/A,N/A,N/A,N/A,N/A,?,?
69,3,E022255,RES SMD 13.7K Ohm 1% 1/10W 0603 AEC-Q200," 13.7K",R0603,1,N/A,1/10W,"R199,R200,R228",PANASONIC," ERJ-3EKF1372V",REL,N/A,N/A,N/A,N/A,N/A,?,?
70,1,E010278,RES SMD 178K Ohm 1% 1/10W 0603 AEC-Q200," 178K",R0603,1,50V,1/10W,R203,PANASONIC," ERJ-3EKF1783V",REL,A003-0032-126,41816JH1480,N/A,N/A,7006332,?,?
72,1,E006340,RES SMD 76.8K Ohm 1% 1/10W 0402 AEC-Q200," 76.8K",R0402,1,N/A,1/10W,R24,PANASONIC," ERJ-2RKF7682X",REL,N/A,N/A,N/A,N/A,7008357,?,?
73,1,E003960,RES SMD 330 Ohm 0.1% 1/10W 0603 AEC-Q200," 330",R0603,0.1,N/A,1/10W,R26,PANASONIC," ERA-3AEB331V",REL,A003-0064-008,N/A,N/A,N/A,7007294,?,?
74,1,E006826,RES SMD 0 Ohm JUMPER 1/10W 0603 AEC-Q200," 0",R0603,JUMPER,N/A,1/10W,R33,PANASONIC," ERJ-3GEY0R00V",REL,A003-0038-001,N/A,N/A,N/A,7008623,?,?
75,1,E006343,RES SMD 95.3K Ohm 1% 1/10W 0402 AEC-Q200," 95.3K",R0402,1,N/A,1/10W,R69,PANASONIC," ERJ-2RKF9532X",REL,ADD_TO_STOCK434,41816JH1212,N/A,N/A,N/A,?,?
76,1,E015615,RES SMD 120K Ohm 1% 1/10W 0402 AEC-Q200," 120K",R0402,1,N/A,1/10W,R72,PANASONIC," ERJ-2RKF1203X",REL,N/A,N/A,N/A,N/A,7006037,?,?
77,3,E022652,RES SMD 374K Ohm 1% 1/10W 0402 AEC-Q200," 374K",R0402,1,N/A,1/10W,"R83,R88,R93",PANASONIC," ERJ-2RKF3743X",REL,N/A,N/A,N/A,N/A,N/A,?,?
78,3,E016739,RES SMD 38.3K Ohm 1% 1/10W 0402 AEC-Q200," 38.3K",R0402,1,N/A,1/10W,"R84,R89,R94",PANASONIC," ERJ-2RKF3832X",REL,N/A,N/A,N/A,N/A,7007402,?,?
79,3,E025011,RES SMD 86.6K Ohm 1% 1/10W 0402 AEC-Q200," 86.6K",R0402,1,N/A,1/10W,"R85,R90,R95",PANASONIC," ERJ-2RKF8662X",REL,N/A,N/A,N/A,N/A,7000600,?,?
80,1,E014183,"RES SMD NTWRK 33 Ohm 5% 1/4W 1506, 16PIN/8RES AEC-Q200 ISOLATED"," 33",RN2HV,5,50V,1/4W,RN1,PANASONIC," EXB-2HV330JV",REL,N/A,N/A,N/A,N/A,N/A,?,?
81,1,E023950,"SWITCH TACTILE SPST-NO, SHORT PUSH TRAVEL"," EVQQ2K03W",SWSML260W236H130,N/A,N/A,N/A,S1,PANASONIC," EVQQ2K03W",REL,N/A,N/A,N/A,N/A,N/A,?,?
84,2,E005890,CONN-PCB SMT TEST POINTS," 5016",CNKEY5016TP,N/A,N/A,N/A,"TP22,TP23",KEYSTONE ELECTRONICS," 5016",REL,N/A,N/A,N/A,N/A,N/A,?,?
85,1,E019485,CONN-PCB TEST POINT RED," RED",CNKEY5001TP,N/A,N/A,N/A,TP6,VERO TECHNOLOGIES," 20-313137",REL,N/A,N/A,N/A,N/A,6001481,?,?
86,1,E032198,IC 2-PORT USB 2.0 HI-SPEED HUB CONTROLLER," USB2422-I/MJ",QFN24_4X4_PAD2_5X2_5,N/A,N/A,?,U1,MICROCHIP TECHNOLOGY," USB2422-I/MJ",REL,N/A,N/A,N/A,N/A,N/A,?,?
87,2,E032888,"IC-ADI MICROPROCESSOR SUPERVISORY CIRCUIT, 2.93V RESET THRESHOLD"," ADM6384YKS29D3Z",SC70_4,N/A,N/A,?,"U10,U13",ANALOG DEVICES," ADM6384YKS29D3Z-R7",REL,N/A,N/A,N/A,N/A,N/A,?,?
88,1,E031716,"IC ARM CORTEX -M4 32B MCU+FPU, 225DMIPS, UP TO 2MB FLASH/384+4KB RAM, USB OTG HS/FS, ETHERNET, FMC, DUAL QUAD-SPI, GRAPHICAL ACCELERATOR, CAMERA IF, LCD-TFT &AMP; MIPI DSI"," STM32F469NIH6",BGA216,N/A,N/A,?,U11,ST MICROELECTRONICS," STM32F469NIH6",REL,N/A,N/A,N/A,N/A,N/A,?,?
89,3,E041789,IC-TTL SINGLE INVERTER GATE," SN74LVC1GU04DCKR",SC70-5,N/A,N/A,?,"U12,U27,U33",TEXAS INSTRUMENTS," SN74LVC1GU04DCKR",REL,N/A,N/A,N/A,N/A,N/A,?,?
90,1,E032507,"IC-ADI MICROPROCESSOR SUPERVISORY CIRCUIT, 1.67V RESET THRESHOLD"," ADM6384YKS17D3Z",SC70_4,N/A,N/A,?,U14,ANALOG DEVICES," ADM6384YKS17D3Z-R7",REL,N/A,N/A,N/A,N/A,N/A,?,?
91,2,E030860,IC-TTL SINGLE 2-INPUT POSITIVE AND GATE," SN74LVC1G08DBVT",SOT23-5L-2,N/A,N/A,?,"U15,U29",TEXAS INSTRUMENTS," SN74LVC1G08DBVT",REL,N/A,N/A,N/A,N/A,N/A,?,?
92,1,E033192,IC PRIORITIZED POWERPATH CONTROLLER," LTC4417HUF#PBF",QFN24_4X4_PAD2_45X2_45,N/A,N/A,?,U16,LINEAR TECHNOLOGY," LTC4417HUF#PBF",REL,N/A,N/A,N/A,N/A,N/A,?,?
93,1,E026066,"IC-ADI 12V, 2A LOGIC CONTROLLED HIGH-SIDE POWER SWITCH"," ADP1290ACBZ",WLCSP6,N/A,N/A,?,U17,ANALOG DEVICES," ADP1290ACBZ-R7",REL,N/A,N/A,N/A,N/A,N/A,?,?
94,2,E019351,"IC-ADI 500mA, LOW NOISE LDO REG WITH SOFT START"," ADP7105ACPZ-3.3",DFN8_3X3_PAD2_38X1_64,N/A,N/A,?,"U18,U19",ANALOG DEVICES," ADP7105ACPZ-3.3-R7",REL,N/A,N/A,N/A,N/A,N/A,?,?
95,1,E032152,IC ENHANCED SINGLE SUPPLY HI-SPEED USB ULPI TRANSCEIVER," USB3343-CP",QFN24_4X4_PAD2_5X2_5,N/A,N/A,?,U2,MICROCHIP TECHNOLOGY," USB3343-CP",REL,N/A,N/A,N/A,N/A,N/A,?,?
96,3,E019347,"IC-ADI 500mA, LOW NOISE LDO REG WITH SOFT START"," ADP7105ACPZ",DFN8_3X3_PAD2_38X1_64,N/A,N/A,?,"U20,U21,U26",ANALOG DEVICES," ADP7105ACPZ-R7",REL,N/A,N/A,N/A,N/A,N/A,?,?
97,1,E033294,"IC-LIN 42V, 2A/3A PEAK SYNCHRONOUS STEP-DOWN REGULATOR WITH 2.5UA QUIESCENT CURRENT"," LT8609SIV#PBF",QFN16_3X3_PAD1_45X1_45,N/A,N/A,?,U22,LINEAR TECHNOLOGY," LT8609SIV#PBF",REL,N/A,N/A,N/A,N/A,N/A,?,?
98,1,E023540,"IC-ADI CMOS, DUAL SPDT MUX"," ADG854BCPZ",QFN10_1_6X1_3,N/A,N/A,?,U23,ANALOG DEVICES," ADG854BCPZ-REEL7",REL,N/A,N/A,N/A,N/A,N/A,?,?
99,1,E023640,"IC KINETIS K 32BIT, ARM CORTEX-M4 CORE, 128KB FLASH"," MK20DX128VFM5",QFN32_5X5_PAD3_65X3_65,N/A,N/A,?,U24,NXP SEMICONDUCTORS," MK20DX128VFM5",REL,N/A,N/A,N/A,N/A,N/A,?,?
100,1,E031708,"IC SDR SDRAM, 1MEG X 32 X 4BANKS"," MT48LC4M32B2B5-6AXIT:L",FBGA90,N/A,N/A,?,U25,ST MICROELECTRONICS," MT48LC4M32B2B5-6AXIT:L",REL,N/A,N/A,N/A,N/A,N/A,?,?
101,1,E018274,"IC-ADI LOW COST MICROPOWER, LOW NOISE CMOS RAIL TO RAIL, I/O OPAMP"," AD8613AKSZ",SOT-SC70,N/A,N/A,?,U28,ANALOG DEVICES," AD8613AKSZ-REEL",REL,N/A,N/A,N/A,N/A,1002675,?,?
102,7,E014862,IC-TTL 8-BIT DUAL SUPPLY TRANSCEIVER," 74LVC8T245BQ,118",QFN24_5_5X3_5_PAD4_1X2_1,N/A,N/A,?,"U3,U4,U5,U6,U7,U8,U9",NXP SEMICONDUCTORS," 74LVC8T245BQ,118",REL,N/A,N/A,N/A,N/A,1001532,?,?
103,1,E032939,IC-TTL SINGLE 3-INPUT POSITVE AND GATE," 74LVC1G11DW-7",SOT363,N/A,N/A,?,U30,DIODES INCORPORATED," 74LVC1G11DW-7",REL,N/A,N/A,N/A,N/A,N/A,?,?
104,1,E033390,IC-CMOS SINGLE BUFFER WITH 3-STAE OUTPUT," NC7SP125P5X",SC70-5-2,N/A,N/A,?,U31,ONSEMI," NC7SP125P5X",REL,N/A,N/A,N/A,N/A,N/A,?,?
105,1,E034573,IC-TTL LOW POWER 2 INPUT AND GATE WITH OPEN DRAIN," 74AUP1G09GW",SOT353,N/A,N/A,?,U32,NXP SEMICONDUCTORS," 74AUP1G09GW",REL,N/A,N/A,N/A,N/A,N/A,?,?
106,4,E034872,IC-ADI 2 WIRE BUS BUFFER WITH HIGH NOISE MARGIN," LTC4313IDD-3#PBF",DFN8_3X3_PAD2_38X1_65,N/A,N/A,?,"U34,U35,U36,U37",ANALOG DEVICES," LTC4313IDD-3#PBF",REL,N/A,N/A,N/A,N/A,N/A,?,?
107,1,E007338,IC-TTL 3-IN OR," NC7SZ332P6X",SC70,N/A,N/A,?,U38,FAIRCHILD SEMICONDUCTOR," NC7SZ332P6X",REL,N/A,40901JH1244,N/A,N/A,1005322,?,?
108,3,E018860,IC-ADI 2:1 MUX/SPDT SWITCH," ADG819BRTZ",SOT23_6-3,N/A,N/A,?,"U39,U40,U41",ANALOG DEVICES," ADG819BRTZ-REEL",REL,N/A,N/A,N/A,N/A,1003444,?,?
109,1,E013951,RES VAR 16VDC 20A 27V 0603 MULTILAYER," 16VDC",R0603H35,N/A,N/A,N/A,V1,VISHAY," EZJ-Z1V270EA",REL,N/A,N/A,N/A,N/A,7007017,?,?
110,1,E032262,"IC CRYSTAL ULTRA-SMALL, ULTRA-LOW POWER MEMS OSCILLATOR"," 26MEGHZ",DFN4_3_2X2_5,N/A,N/A,N/A,Y1,MICROCHIP TECHNOLOGY," DSC6101CI1A-026.0000",REL,N/A,N/A,N/A,N/A,N/A,?,?
111,1,E032260,"IC CRYSTAL UNIT, 6PF LOAD CAP"," 24MEGHZ",YSML79W63H32,N/A,N/A,N/A,Y2,MURATA," XRCGB24M000F3A00R0",REL,N/A,N/A,N/A,N/A,N/A,?,?
112,1,E031726,"IC CRYSTAL 8MHZ, 8PF"," 8MEGHZ",YSML126W98H39_C,50PPM,N/A,N/A,Y3,NDK AMERICA INC.," NX3225GD-8.000M-STD-CRA-3",REL,N/A,N/A,N/A,N/A,N/A,?,?
113,1,E027136,"IC CRYSTAL QUARTZ, 18PF LOAD CAP"," 8MEGHZ",YSML449W189H161,10PPM,N/A,N/A,Y4,TXC CORPORATION," 9C-8.000MEEJ-T",REL,N/A,N/A,N/A,N/A,1008225,?,?

Callouts File:C:\tmp\20_049259g\worklib\02_049259c_top\bom\049259b.callouts
Mechanical Parts
ITEM#,Qty,WW_PN,DESCRIPTION," VALUE",JEDEC_TYPE,TOL,VOLTAGE,WATTAGE,LOCATION,MFG," MFG_PN",HLM_STATUS,STOCKROOM_WL,STOCKROOM_GT,STOCKROOM_LK,STOCKROOM_GBO,STOCKROOM_NSH,CUSTOM_PART,DNI
2,1,M029337,"JUMPER OPEN TOP, 2.54MM CONTACT CENTER, BLACK"," ?",N/A,?,?,?,?,SULLINS," QPC02SXGN-RC",REL,N/A,N/A,N/A,N/A,N/A,?,?
3,4,M028981,"MISC, BUMPON CYLINDRICAL ADHESIVE 0.312 DIA SIZE X 0.200 THICK, BLACK"," ?",N/A,?,?,?,?,3M," SJ61A1",REL,N/A,N/A,N/A,N/A,N/A,?,?


The following components are part of the PCB or are NOT to be installed
ITEM#,Qty,WW_PN,DESCRIPTION," VALUE",JEDEC_TYPE,TOL,VOLTAGE,WATTAGE,LOCATION,MFG," MFG_PN",HLM_STATUS,STOCKROOM_WL,STOCKROOM_GT,STOCKROOM_LK,STOCKROOM_GBO,STOCKROOM_NSH,CUSTOM_PART,DNI
 20,1,E017584,CAP CER 2.2uF 10V 10% X7S 0402 LOW ESR," 2.2uF",C0402,10,10V,N/A,C76,TDK," C1005X7S1A225K",REL,N/A,N/A,N/A,N/A,7002767,?,DNI
 33,1,E024421,"CONN-PCB HDR 1.27MM PITCH, DUAL ROW ST"," 3220-10-0100-00",CNHDR2X5H220_A,N/A,N/A,N/A,P12,CNC TECH," 3220-10-0100-00",REL,N/A,N/A,N/A,N/A,N/A,?,DNI
 41,1,E000791,CONN-PCB BERG JMPR ST MALE 2P," 69157-102HLF",CNBERG69157-102,N/A,N/A,N/A,P8,AMPHENOL FCI," 69157-102HLF",REL,A011-0002-037,N/A,N/A,N/A,N/A,?,DNI
 48,4,E003751,RES SMD 10K Ohm 1% 1/10W 0402 AEC-Q200," 10K",R0402,1,N/A,1/10W,"R10,R21,R22,R45",PANASONIC," ERJ-2RKF1002X",REL,A003-0035-004,41816DG719,N/A,N/A,7000582,?,DNI
 51,1,E003682,RES SMD 1MEG Ohm 1% 1/10W 0603 AEC-Q200," 1MEG",R0603,1,N/A,1/10W,R106,PANASONIC," ERJ-3EKF1004V",REL,A003-0032-017,41816DG307,FEC 911-598,N/A,N/A,?,DNI
 56,67,E030156,RES SMD 0 Ohm JUMPER 1/16W 0402 AEC-Q200," 0",R0402,JUMPER,N/A,1/16W,"R8,R9,R31,R47,R121,R122,R123,R124,R125,R126,R127,R128,R129,R130,R131,R132,R133,R134,R135,R136,R137,R138,R139,R140,R141,R142,R143,R144,R145,R146,R147,R148,R149,R150,R151,R152,R153,R154,R155,R156,R157,R158,R159,R160,R161,R162,R163,R164,R165,R166,R167,R168,R169,R170,R171,R172,R173,R174,R175,R176,R182,R190,R215,R216,R217,R218,R229",YAGEO," AC0402JR-070RL",REL,N/A,N/A,N/A,N/A,N/A,?,DNI
 71,1,E007899,RES SMD 10K Ohm 1% 1/16W 0603," 10K",R0603,1,N/A,1/16W,R225,MULTICOMP (SPC)," MC0603WGF1002T5E-TC",REL,N/A,N/A,N/A,N/A,7005853,?,DNI
 82,1,E016322,CONN-PCB TEST POINT BLUE," BLU",CNKEY5001TP,N/A,N/A,N/A,TP1,KEYSTONE ELECTRONICS," 5117",REL,N/A,N/A,N/A,N/A,6001640,?,DNI
 83,7,E019485,CONN-PCB TEST POINT RED," RED",CNKEY5001TP,N/A,N/A,N/A,"TP5,TP7,TP8,TP9,TP10,TP11,TP12",VERO TECHNOLOGIES," 20-313137",REL,N/A,N/A,N/A,N/A,6001481,?,DNI

